i,, x coord, y coord, z coord		 x vel, y vel, z vel		 age,  color		 FELASTIDX[4*9],(0)[0]curIdx, [1]elastLim, [2]restLn, [3]modulus, [4]damping, [5]partID, [6]stress_sq integrator, [7]stress integrator, [8]change-type,,  ,(1)[0]curIdx, [1]elastLim, [2]restLn, [3]modulus, [4]damping, [5]partID, [6]stress_sq integrator, [7]stress integrator, [8]change-type,,  ,(2)[0]curIdx, [1]elastLim, [2]restLn, [3]modulus, [4]damping, [5]partID, [6]stress_sq integrator, [7]stress integrator, [8]change-type,,  ,(3)[0]curIdx, [1]elastLim, [2]restLn, [3]modulus, [4]damping, [5]partID, [6]stress_sq integrator, [7]stress integrator, [8]change-type,,  		Particle_ID, mass, radius, FNERVEIDX,		 Particle_Idx[4*2]0,,, 1,,, 2,,, 3,,, 		FCONC[16] 0, 1, 2, 3, 4, 5, 6, 7, 8, 9, 10, 11, 12, 13, 14, 15, 		FEPIGEN[16] 0, 1, 2, 3, 4, 5, 6, 7, 8, 9, 10, 11, 12, 13, 14, 15, 
0,,-0.000000,0.000000,0.000000,	-0.000000,0.000000,0.000000,	 2533467216, 2533467216,, 	440489312, 0.000000, -0.000000, 0.000000, 0.000000, 21926, 0.000000, 0.000000, 4294963200, 		4294967295, 0.000000, 0.000000, -nan, -nan, 3, 0.000000, -nan, 4294967295, 		0, 0.000000, -nan, -nan, 0.000000, 0, -nan, -nan, 0, 		0, -nan, -nan, 0.000000, 0.000000, 4294963200, -nan, 0.000000, 21926, 		 	2533467216, 42064, 38657, 2533467216, 		438862048, 21926,, 445172720, 21926,, 438862048, 21926,, 445172720, 21926,, 		-0.000000, 0.000000, 2.211052, 0.000000, 16633593737830283083776.000000, 286961290433754103479062145007616.000000, 286961290433754103479062145007616.000000, 0.000000, 0.000000, 0.000000, 0.000000, 0.000000, 0.000000, 0.000000, 0.000000, 0.000000, 		2533467312, 3516076405, 433082384, 433083728, 433274720, 435902704, 444352816, 435005280, 435005936, 4294963200, 442541208, 432696968, 444539736, 433826776, 445810424, 160,  
1,,0.000000,0.000000,0.000000,	0.000000,0.000000,0.000000,	 32738, 32738,, 	4294963200, -nan, 0.000000, 0.000000, -nan, 4294967295, 0.000000, 0.000000, 4294963200, 		4294967295, 0.000000, 0.000000, -nan, -nan, 0, 0.000000, -nan, 4294967295, 		0, 0.000000, -nan, -nan, 0.000000, 21926, -nan, -nan, 0, 		0, -nan, -nan, 0.000000, 0.000000, 4294963200, -nan, 0.000000, 21926, 		 	32738, 32738, 0, 32738, 		0, 0,, 0, 0,, 0, 64,, 4194304, 1310741,, 		0.000000, 0.000000, 0.000000, 0.000000, 0.000000, 18468115779640448738394112.000000, 18468115779640448738394112.000000, 0.000000, 0.000000, 0.000000, 1.778857, 0.000000, 0.000000, 0.000000, 0.000000, 0.000000, 		32738, 666137529, 21926, 21926, 21926, 21926, 21926, 21926, 21926, 4294967295, 21926, 21926, 21926, 21926, 21926, 0,  
2,,0.000000,0.000000,0.000000,	0.000000,0.000000,-nan,	 436216496, 433221216,, 	4294959104, -nan, 0.000000, 0.000000, -nan, 4294967295, 0.000000, 0.000000, 4294963200, 		4294967295, 0.000000, 0.000000, -nan, -nan, 0, 0.000000, -nan, 4294967295, 		0, 0.000000, -nan, -nan, 0.000000, 0, -nan, -nan, 0, 		0, -nan, -nan, 0.000000, 0.000000, 4294959104, -nan, 0.000000, 0, 		 	444309168, 21728, 6617, 446252704, 		6291457, 543162892,, 2097152, 0,, 32774, 805306372,, 369102848, 79692992,, 		0.000000, 0.000000, 0.000000, 0.000000, 13291886117021286400.000000, 50.343193, 50.343193, 0.000000, -16863171180494848.000000, 0.000000, -898075.437500, 0.000000, 0.000000, 0.000000, 0.000000, 0.000000, 		436343056, 3105374797, 433082464, 433083808, 433267344, 433316368, 444352912, 445098240, 435805504, 0, 435897344, 434952096, 433173648, 433083120, 433142816, 48,  
3,,0.000000,0.000000,0.000000,	-nan,0.000000,0.000000,	 21926, 21926,, 	4294963200, -nan, 0.000000, 0.000000, -nan, 4294967295, 0.000000, 0.000000, 4294963200, 		4294967295, 0.000000, 0.000000, -nan, -nan, 256, 0.000000, -nan, 4294967295, 		0, 0.000000, -nan, -nan, 0.000000, 21926, -nan, -nan, 0, 		0, -nan, -nan, 0.000000, 0.000000, 4294963200, -nan, 0.000000, 0, 		 	21926, 21926, 0, 21926, 		65, 545262124,, 167772432, 100,, 538629633, 527104,, 8396801, 564136488,, 		0.000000, 0.000000, 0.000000, 0.000000, 0.000059, 1131941415373997342720.000000, 1131941415373997342720.000000, 0.000000, 0.000000, 0.000000, 0.306124, 0.000000, 0.000000, 0.000000, 0.000000, 0.000000, 		21926, 671618237, 21926, 21926, 21926, 21926, 21926, 21926, 21926, 0, 21926, 21926, 21926, 21926, 21926, 0,  
4,,0.000000,0.000000,0.000000,	0.000000,0.000000,0.000000,	 434460656, 434460656,, 	4294963200, -nan, 0.000000, 0.000000, -nan, 4294967295, 0.000000, 0.000000, 4294963200, 		4294967295, 0.000000, 0.000000, -nan, -nan, 0, 0.000000, -nan, 4294967295, 		447079584, 0.000000, -nan, -nan, 0.000000, 0, -nan, -nan, 0, 		0, -nan, -nan, 0.000000, 0.000000, 4294959104, -nan, 0.000000, 0, 		 	434460656, 22512, 6629, 434460656, 		264, 0,, 536890625, 229127,, 8388672, 547359272,, 301990016, 11599904,, 		0.000000, 0.000000, 0.000000, 0.000000, 0.000000, 75020340361001686052687052800.000000, 75020340361001686052687052800.000000, 0.000000, 0.000000, 0.000000, 0.000000, 2.815764, 0.000000, 0.000000, 0.000000, 0.000000, 		448518928, 3337113565, 433082576, 433083888, 445097632, 433316448, 444353008, 435005280, 435005936, 434382008, 434948072, 432696696, 443016568, 4294963200, 433100392, 1077212211,  
5,,0.000000,0.000000,0.000000,	0.000000,0.000000,0.000000,	 21926, 21926,, 	4294963200, -nan, 0.000000, 0.000000, -nan, 4294967295, 0.000000, 0.000000, 4294963200, 		4294967295, 0.000000, 0.000000, -nan, -nan, 0, 0.000000, -nan, 4294967295, 		6, 0.000000, -nan, -nan, 0.000000, 131089, -nan, -nan, 39, 		131089, -nan, -nan, 15442934381718536192.000000, 3396.892822, 4294963200, -nan, 17974535715416965120.000000, 1667592816, 		 	21926, 21926, 0, 21926, 		8396864, 555747880,, 301990016, 11599936,, 536974912, 117769479,, 8396864, 555747880,, 		0.000000, 0.000000, 0.000000, 0.000000, 0.000000, 0.000003, 16882595068075020640059392.000000, 0.000000, 0.000000, 0.000000, 0.000000, 0.000000, 0.000000, 0.000000, 0.000000, 0.000000, 		21926, 665745624, 21926, 21926, 21926, 21926, 21926, 21926, 21926, 21926, 21926, 21926, 21926, 4294967295, 21926, 21923,  
6,,0.000000,0.000000,0.000000,	0.000000,0.000000,-nan,	 436216496, 433221216,, 	4294959104, -nan, 0.000000, 0.000000, -nan, 4294967295, 0.000000, 0.000000, 4294963200, 		4294967295, 17321250986169204736.000000, 70375670973874695111691993088.000000, -nan, -nan, 0, 0.000000, -nan, 4294967295, 		0, 0.000000, -nan, -nan, 0.000000, 6, -nan, -nan, 842232933, 		1701535588, -nan, -nan, 0.000000, 0.000000, 4294959104, -nan, 0.000000, 0, 		 	444309168, 21728, 6617, 446252704, 		177013024, 224,, 8388617, 547359272,, 512557216, 131074,, 8396809, 555747880,, 		0.000000, 0.000000, 0.000000, 0.000000, 0.000000, 282745365190732961845461647360.000000, 17861119779391428069162034921472.000000, 0.000000, 0.000000, 0.000000, 0.000000, 0.000000, 0.000000, 0.000000, 0.000000, 0.000000, 		436343056, 1328215640, 433082688, 433082848, 445097632, 433316528, 444353104, 445098240, 435805504, 446185728, 446259760, 434952096, 444339712, 0, 433081768, 0,  
7,,0.000000,0.000000,0.000000,	-nan,0.000000,0.000000,	 21926, 21926,, 	4294959104, -nan, 0.000000, 0.000000, -nan, 4294967295, 270883230963020972687360.000000, 268070518862390338824769462337536.000000, 4294963200, 		4294967295, 0.000000, 0.000000, -nan, -nan, 0, 0.000000, -nan, 4294967295, 		0, 0.000000, -nan, -nan, 0.000000, 589839, -nan, -nan, 0, 		0, -nan, -nan, 0.000000, 0.000000, 4294963200, -nan, 0.000000, 1886220131, 		 	21926, 21926, 0, 21926, 		512557344, 131074,, 543528512, 134546695,, 8396864, 555747880,, 177013024, 268,, 		0.000000, 0.000000, 0.000000, 0.000000, 0.000000, 1030484463706083164160.000000, 0.000059, 0.000000, 0.000000, 0.000000, 0.000000, 0.000000, 0.000000, 0.000000, 0.000000, 0.000000, 		21926, 671216232, 21926, 21926, 21926, 21926, 21926, 21926, 21926, 21926, 21926, 21926, 21926, 0, 21926, 0,  
8,,0.000000,0.000000,0.000000,	-nan,-nan,0.000000,	 7340147, 434951568,, 	4294959104, -nan, 0.000000, 0.000000, -nan, 4294967295, 0.000000, 293930422431671236884166606848.000000, 4294963200, 		4294967295, 0.000000, 0.000000, -nan, -nan, 0, 0.000000, -nan, 4294967295, 		104, 0.000000, -nan, -nan, 0.000000, 0, -nan, -nan, 851975, 		4525, -nan, -nan, 0.000000, 0.000000, 4294963200, -nan, 69469735620048301588480.000000, 1818586738, 		 	435805240, 0, 0, 436208544, 		209715251, 45168,, 162, 67264000,, 209723443, 53360,, 290, 67264000,, 		0.000000, 0.000000, 0.000000, 0.000000, 0.000000, 267253653922533523587072.000000, 12859288764630958080.000000, 0.000000, 15878868829208576.000000, 0.000000, 2.267639, -8589934592.000000, 0.000000, 2.858173, 0.000000, 0.000000, 		0, 3376207450, 433082304, 433083568, 433168016, 433316608, 444353200, 435005280, 435005936, 432352456, 433392024, 435937576, 4294963200, 443990184, 437692392, 11,  
9,,0.000000,0.000000,0.000000,	0.000000,0.000000,0.000000,	 28769, 21926,, 	4294959104, -nan, 0.000000, 0.000000, -nan, 4294967295, 0.000000, 0.000000, 4294959104, 		4294967295, 0.000000, 0.000000, -nan, -nan, 741092972, 0.000000, -nan, 4294967295, 		0, 0.000000, -nan, -nan, 270883230963020972687360.000000, 1766226025, -nan, -nan, 0, 		0, -nan, -nan, 0.000000, 0.000000, 4294963200, -nan, 70799580056943927572659479511040.000000, 1600483449, 		 	21926, 0, 0, 21926, 		123732017, 536871428,, 100667360, 2181038096,, 0, 0,, 0, 0,, 		0.000000, 0.000000, 0.000000, 0.000000, 0.000000, 16600935630045708288.000000, 0.000000, 0.000000, 0.000000, 0.000000, 0.000000, 13.059306, 0.000000, 0.000000, 0.000000, 0.000000, 		0, 665236130, 21926, 21926, 21926, 21926, 21926, 21926, 21926, 21926, 21926, 21926, 4294967295, 21926, 21926, 0,  
10,,0.000000,0.000000,0.000000,	0.000000,0.000000,0.000000,	 327, 435805480,, 	4294959104, -nan, 0.000000, 0.000000, -nan, 4294967295, 0.000000, 0.000000, 4294963200, 		4294967295, 70799580056943927572659479511040.000000, 0.000000, -nan, -nan, 0, 0.000000, -nan, 4294967295, 		740979822, 73908550966779073003520.000000, -nan, -nan, 0.000000, 0, -nan, -nan, 786439, 		4530, -nan, -nan, 70799580056943927572659479511040.000000, 16532847272984051712.000000, 4294959104, -nan, 0.000000, 0, 		 	435805504, 0, 0, 12, 		0, 0,, 0, 0,, 0, 0,, 0, 0,, 		0.000000, 0.000000, 0.000000, 0.000000, -0.000000, 0.000053, 0.000000, 0.000000, 0.000000, 0.000000, 0.000000, 2132457051511130237950572092521971712.000000, 0.000000, 0.000000, 0.000000, 0.000000, 		65, 263512481, 433082384, 433083648, 445097632, 433316688, 444353296, 445098240, 435805504, 446257440, 433315440, 446257280, 0, 433082800, 435899936, 438776560,  
11,,0.000000,0.000000,0.000000,	0.000000,0.000000,0.000000,	 21926, 21926,, 	4294959104, -nan, 0.000000, 0.000000, -nan, 4294967295, 0.000000, 0.000000, 4294959104, 		4294967295, 0.000000, 0.000000, -nan, -nan, 745827945, 0.000000, -nan, 4294967295, 		0, 0.000000, -nan, -nan, 0.000000, 0, -nan, -nan, 0, 		0, -nan, -nan, 17750769965605568326284607488.000000, 18416958483808022656479265816576.000000, 4294963200, -nan, 0.000000, 4533, 		 	21926, 0, 0, 1073741824, 		0, 0,, 0, 0,, 0, 0,, 0, 0,, 		0.000000, 0.000000, 0.000000, 0.000000, 0.000000, 0.000000, 0.000000, 0.000000, 0.000000, 0.000000, 0.000000, 1.039062, 0.000000, 0.000000, 0.000000, 0.000000, 		0, 670744404, 21926, 21926, 21926, 21926, 21926, 21926, 21926, 21926, 21926, 21926, 0, 21926, 21926, 21926,  
12,,7.642175,0.000000,0.000000,	-nan,-nan,17321250986169204736.000000,	 2650123801, 435805480,, 	4294959104, -nan, 0.000000, 0.000000, -nan, 4294967295, 0.000000, 0.000000, 4294959104, 		4294967295, 0.000000, 0.000000, -nan, -nan, 1952409458, 16532847272984051712.000000, -nan, 4294967295, 		1852404846, 4740335654020942158091538923520.000000, -nan, -nan, 0.000000, 4535, -nan, -nan, 0, 		0, -nan, -nan, 19283839294501625954898299322368.000000, 0.000000, 4294959104, -nan, 0.000000, 0, 		 	433145760, 65535, 65535, 268435456, 		0, 0,, 0, 0,, 0, 0,, 0, 0,, 		0.000000, 2.159140, 0.000000, 0.000000, 0.000000, 0.000000, 0.000000, 0.000000, 1.138672, 0.000000, 0.000000, 0.000000, 0.000000, 0.000000, 0.000000, 0.000000, 		442171968, 2958414465, 433082464, 433083728, 445097632, 433316368, 444353392, 435005280, 435005936, 442500488, 436993560, 437017832, 432704952, 432746280, 446892712, 0,  
13,,0.000000,286961290433754103479062145007616.000000,18468115779640448738394112.000000,	70375670973874695111691993088.000000,-nan,-nan,	 3221891029, 21926,, 	4294959104, -nan, 0.000000, 0.000000, -nan, 4294967295, 0.000000, 0.000000, 4294959104, 		4294967295, 0.000000, 0.000000, -nan, -nan, 1952409458, 0.000000, -nan, 4294967295, 		0, 0.000000, -nan, -nan, 0.000000, 786439, -nan, -nan, 1633643621, 		1952409458, -nan, -nan, 0.000000, 0.000000, 4294963200, -nan, 0.000000, 917511, 		 	21926, 65535, 65535, 0, 		0, 0,, 0, 0,, 0, 0,, 0, 0,, 		0.000000, 0.000000, 0.000000, 0.000000, 0.000000, 0.000000, 0.000000, 0.000000, 0.000117, 0.000000, 0.000000, -9904189341696.000000, 0.000000, 0.000000, 0.000000, 0.000000, 		21926, 664856487, 21926, 21926, 21926, 21926, 21926, 21926, 21926, 21926, 21926, 21926, 21926, 21926, 21926, 0,  
14,,301280899199053428530769559552.000000,17758371729396203520.000000,211.438705,	0.000000,0.000000,-nan,	 65, 434951568,, 	4294959104, -nan, 0.000000, 0.000000, -nan, 4294967295, 0.000000, 0.000000, 4294959104, 		4294967295, 0.000000, 0.000000, -nan, -nan, 4540, 18754494794440062807520051200.000000, -nan, 4294967295, 		0, 0.000000, -nan, -nan, 51220920.000000, 741092398, -nan, -nan, 3, 		102000, -nan, -nan, 4465280549310766824605096083456.000000, 0.000000, 4294963200, -nan, 307348073856968022527436828704768.000000, 1177449571, 		 	435805480, 0, 0, 1074003968, 		6291457, 543162892,, 2097152, 0,, 32774, 805306372,, 369102848, 79692992,, 		0.000000, 0.000000, -0.000000, 0.000000, 0.000000, 0.000000, 0.000000, 0.000000, 0.000000, 0.000000, 0.000000, 0.000000, 0.000000, 0.000000, 0.000000, 0.000000, 		438840032, 4008512978, 433082576, 433083808, 445097632, 433316448, 444353488, 445098240, 435805504, 435897424, 444952192, 444948480, 446259280, 435895984, 433315680, 65,  
15,,72733705939186186452992.000000,16883772200931224230821888.000000,16864813559709469239148544.000000,	-nan,0.000000,0.000000,	 0, 21926,, 	4294963200, -nan, 0.000000, 0.000000, -nan, 4294967295, 0.000000, 0.000000, 4294959104, 		4294967295, 0.000000, 0.000000, -nan, -nan, 0, 0.000000, -nan, 4294967295, 		0, 0.000000, -nan, -nan, 307348073856968022527436828704768.000000, 1177449571, -nan, -nan, 262149, 		59, -nan, -nan, 0.000000, 0.000000, 4294963200, -nan, 4485904140009627189248.000000, 1633644129, 		 	21926, 0, 0, 268435488, 		9, 545262124,, 503316580, 655370,, 8388672, 547359272,, 301990016, 11599904,, 		0.000000, 0.000000, 0.000000, 0.000000, 0.000000, 0.000000, 0.000000, 0.000000, 0.000000, 0.000000, 0.000000, 0.000000, 0.000000, 0.000000, 0.000000, 0.000000, 		21926, 670297567, 21926, 21926, 21926, 21926, 21926, 21926, 21926, 21926, 21926, 21926, 21926, 21926, 21926, 0,  
16,,0.000000,0.000000,0.000000,	0.000000,0.000000,0.000000,	 437383696, 446173008,, 	4294959104, -nan, 0.000000, 0.000000, -nan, 4294967295, 0.000000, 0.000000, 4294963200, 		4294967295, 0.000000, 0.000000, -nan, -nan, 1818850626, 61001.453125, -nan, 4294967295, 		1952539503, 976630.562500, -nan, -nan, 0.000000, 1886609247, -nan, -nan, 1282296180, 		1818321775, -nan, -nan, 0.000000, 0.000000, 4294959104, -nan, 0.000000, 0, 		 	446711856, 80, 0, 0, 		8396864, 555747880,, 301990016, 11599936,, 92274704, 536871458,, 42795168, 272,, 		0.000000, 0.000000, 0.000000, 0.000000, 0.000000, 0.000000, 0.000000, 0.000000, -0.000000, 0.000000, 0.000000, 0.000000, 2.275266, 0.000000, 0.000000, 0.000000, 		438176584, 3402426005, 433082688, 433083888, 433274896, 433316528, 444353584, 435005280, 435005936, 436952904, 434406968, 442959400, 445667400, 446723432, 443924216, 442137888,  
17,,0.000000,0.000000,0.000000,	0.000000,0.000000,0.000000,	 21926, 21926,, 	4294959104, -nan, 0.000000, 0.000000, -nan, 4294967295, 0.000000, 301280615857064456352056737792.000000, 4294959104, 		4294967295, 0.000000, 0.000000, -nan, -nan, 0, 0.000000, -nan, 4294967295, 		1601598057, 1128933801335252844107792384.000000, -nan, -nan, 302874291169317366660313342327914496.000000, 101, -nan, -nan, 1701536109, 		1869375071, -nan, -nan, 0.000000, 0.000000, 4294959104, -nan, 0.000000, 0, 		 	21926, 0, 0, 0, 		92282896, 536871458,, 42795296, 272,, 10551330, 536874498,, 168, 168,, 		0.000000, 72143383107229716578304.000000, 0.000000, 0.000000, 0.000000, 0.000000, 0.000000, 0.000000, -0.000000, 0.000000, 0.000000, 0.000000, 0.000000, 0.000000, 0.000000, 0.000000, 		21926, 664350087, 21926, 21926, 21926, 21926, 21926, 21926, 21926, 21926, 21926, 21926, 21926, 21926, 21926, 21926,  
18,,-0.000000,0.000000,0.000000,	0.000000,0.000000,0.000000,	 439244080, 435801712,, 	4294963200, -nan, 0.000000, 0.000000, -nan, 4294967295, 0.000000, 0.000000, 4294963200, 		4294967295, 0.000000, 77130332882300185420743118422016.000000, -nan, -nan, 0, 0.000000, -nan, 4294967295, 		0, 0.000000, -nan, -nan, 0.000000, 0, -nan, -nan, 0, 		0, -nan, -nan, 0.000000, 0.000000, 4294959104, -nan, 0.000000, 0, 		 	14, 65535, 65535, 433613984, 		9, 551553580,, 503316580, 131074,, 8388617, 559942184,, 512557216, 131074,, 		0.000000, 308511602094204483147374438383616.000000, 0.000000, 0.000000, 0.000000, 0.000000, 0.000000, 0.000000, 0.000000, 0.000000, 0.000000, 0.000000, 0.000000, 0.000000, 0.000000, 0.000000, 		438176656, 796487805, 433082304, 446257808, 433274976, 433316608, 444353680, 445098240, 435805504, 444942640, 446186848, 444324448, 433082648, 446257680, 433082800, 441862656,  
19,,0.000000,0.000000,0.000000,	0.000000,0.000000,0.000000,	 21926, 21926,, 	4294959104, -nan, 0.000000, 0.000000, -nan, 4294967295, 0.000000, 0.000000, 4294963200, 		4294967295, 0.000000, 77130332882300185420743118422016.000000, -nan, -nan, 327685, 0.000000, -nan, 4294967295, 		0, 0.000000, -nan, -nan, 67176916582400.000000, 25445, -nan, -nan, 1970435187, 		1445885027, -nan, -nan, 0.000000, 0.000000, 4294963200, -nan, 717.788025, 1852399433, 		 	1, 65535, 65535, 21926, 		8396809, 564136488,, 512557344, 131074,, 167772209, 553648652,, 100663520, 34670593,, 		2.000000, 4582806272864602999824156983296.000000, 0.000000, 0.000000, 0.000000, 0.000000, 0.000000, 0.000000, 0.000000, 0.000000, 0.000000, 0.000000, 0.000000, 0.000000, 0.000000, 0.000000, 		21926, 669888968, 21926, 21926, 21926, 21926, 21926, 21926, 21926, 21926, 21926, 21926, 21926, 21926, 21926, 21926,  
20,,0.000000,0.000000,0.000000,	-nan,-nan,270883230963020972687360.000000,	 10, 446711856,, 	4294959104, -nan, 0.000000, 0.000000, -nan, 4294967295, 0.000000, 0.000000, 4294959104, 		4294967295, 0.000000, 0.000000, -nan, -nan, 161, 0.000000, -nan, 4294967295, 		122, 0.000000, -nan, -nan, 717.788025, 1701076809, -nan, -nan, 0, 		0, -nan, -nan, 0.000000, 4841459276517156851982773780480.000000, 4294959104, -nan, 0.000000, 0, 		 	435591272, 0, 0, 0, 		209715249, 568328808,, 100663648, 69230080,, 209723441, 572523112,, 100663712, 69230080,, 		0.000000, 17326877187168534528.000000, 0.000000, 0.000000, 0.000000, 0.000000, 0.000000, 0.000000, 0.000000, 0.000000, 0.000000, 0.000000, -0.000000, 0.000000, 0.000000, 0.000000, 		433136144, 3068189069, 433082384, 446257888, 433085328, 433316688, 444353776, 435005280, 435005936, 4294963200, 4294963200, 437018376, 444652664, 437639352, 433640888, 438776600,  
21,,0.000000,0.000000,0.000000,	14995995823110542095024128.000000,0.000000,0.000000,	 0, 21926,, 	4294963200, -nan, 4532200304392008408933304237031424.000000, 16750128362818633728.000000, -nan, 4294967295, 0.000000, 0.000000, 4294963200, 		4294967295, 0.000000, 0.000000, -nan, -nan, 196613, 0.000000, -nan, 4294967295, 		172, 0.000000, -nan, -nan, 4841459276517156851982773780480.000000, 121, -nan, -nan, 1986948963, 		0, -nan, -nan, 0.000000, 0.000000, 4294963200, -nan, 0.000000, 196613, 		 	21926, 0, 0, 0, 		536974912, 135204615,, 8396864, 572525096,, 177013280, 256,, 209715251, 61552,, 		0.000000, 16390394546489393152.000000, 0.000000, 0.000000, 0.000000, 0.000000, 0.000000, 0.000000, 0.000000, 0.000000, 0.000000, 0.000000, 1.948425, 0.000000, 0.000000, 0.000000, 		21926, 663928663, 21926, 21926, 21926, 21926, 21926, 21926, 21926, 4294967295, 4294967295, 21926, 21926, 21926, 21926, 21926,  
22,,0.000000,0.000000,0.000000,	0.000000,0.000000,-nan,	 1935763501, 14,, 	4294959104, -nan, 0.000000, 0.000000, -nan, 4294967295, 0.000000, 0.000000, 4294959104, 		4294967295, 0.000000, 0.000000, -nan, -nan, 0, 0.000000, -nan, 4294967295, 		1952671062, 717.788025, -nan, -nan, 16750128362818633728.000000, 1952671062, -nan, -nan, 0, 		0, -nan, -nan, 0.000000, 0.000000, 4294959104, -nan, 0.000000, 0, 		 	435591184, 40712, 6779, 0, 		354, 67264000,, 209723443, 69744,, 418, 67264000,, 10485797, 536870912,, 		0.000000, 16601800945696768000.000000, 0.000000, 0.000000, 0.000000, 0.000000, 0.000000, 0.000000, 0.000000, 0.000000, 0.000000, 0.000000, -2748335086074399719587191980032.000000, 0.000000, 0.000000, 0.000000, 		0, 3085651004, 433082464, 446257968, 433275072, 433316368, 444353872, 445098240, 435805504, 4294652868, 2, 444948640, 433292016, 433311344, 433310816, 438776672,  
23,,0.000000,0.000000,2.000000,	-nan,0.000000,0.000000,	 1987013992, 1,, 	4294959104, -nan, 0.000000, 0.000000, -nan, 4294967295, 0.000000, 0.000000, 4294963200, 		4294967295, 0.000000, 0.000000, -nan, -nan, 196613, 0.000000, -nan, 4294967295, 		0, 0.000000, -nan, -nan, 0.000000, 0, -nan, -nan, 0, 		0, -nan, -nan, 0.000000, 0.000000, 4294959104, -nan, 0.000000, 0, 		 	21926, 21926, 0, 0, 		234881024, 16,, 8388672, 576719400,, 512557216, 33554944,, 8396864, 580913704,, 		0.000000, 17610595167599853568.000000, 0.000000, 0.000000, 0.000000, 0.000000, 0.000000, 0.000000, 0.000000, 0.000000, 0.000000, 0.000000, 0.207969, 0.000000, 0.000000, 0.000000, 		0, 669392544, 21926, 21926, 21926, 21926, 21926, 21926, 21926, 7864386, 0, 21926, 21926, 21926, 21926, 21926,  
24,,0.000000,0.000000,0.000000,	0.000000,0.000000,0.000000,	 12659, 435761496,, 	4294963200, -nan, 0.000000, 0.000000, -nan, 4294967295, 0.000000, 0.000000, 4294959104, 		4294967295, 0.000000, 0.000000, -nan, -nan, 0, 0.000000, -nan, 4294967295, 		458757, 0.000000, -nan, -nan, 75634503011564814891309072384.000000, 1178874482, -nan, -nan, 0, 		0, -nan, -nan, 0.000000, 0.000000, 4294963200, -nan, 0.000000, 327685, 		 	446711856, 39688, 6629, 0, 		512557344, 33554944,, 92274704, 536871456,, 42795616, 272,, 92282896, 536871456,, 		0.000000, 18469005835042005224259584.000000, 0.000000, 0.000000, 0.000000, 0.000000, 0.000000, 2.227902, 0.000000, 0.000000, 2.273357, 0.000000, 0.000000, 0.000000, 0.000000, 0.000000, 		112, 2491998497, 433082576, 446258048, 433085328, 433316448, 444353968, 435005280, 435005936, 446691896, 437468152, 4294963200, 436534648, 436558856, 442841848, 435005280,  
25,,0.000000,0.000000,0.000000,	0.000000,-nan,-nan,	 28769, 21926,, 	4294959104, -nan, 0.000000, 0.000000, -nan, 4294967295, 0.000000, 0.000000, 4294963200, 		4294967295, 0.000000, 0.000000, -nan, -nan, 262149, 0.000000, -nan, 4294967295, 		0, 0.000000, -nan, -nan, 0.000000, 121, -nan, -nan, 0, 		0, -nan, -nan, 0.000000, 0.000000, 4294959104, -nan, 0.000000, 0, 		 	21926, 21926, 0, 0, 		42795680, 272,, 10551330, 536874496,, 168, 168,, 9, 585108012,, 		0.000000, 1132931698081745437744538830503936.000000, 0.000000, 0.000000, 0.000000, 0.000000, 0.000000, 0.000000, 0.000000, 0.000000, 0.000000, 0.000000, 0.000000, 0.000000, 0.000000, 0.000000, 		0, 663480911, 21926, 21926, 21926, 21926, 21926, 21926, 21926, 21926, 21926, 4294967295, 21926, 21926, 21926, 21926,  
26,,0.000000,0.000000,0.000000,	1143066811200813564497494016.000000,67403794859385006587904.000000,-nan,	 328, 435761392,, 	4294963200, -nan, 75634503011564814891309072384.000000, 196.200958, -nan, 4294967295, 0.000000, 72064619377401789375138817376256.000000, 4294959104, 		4294967295, 0.000000, 0.000000, -nan, -nan, 67, 0.000000, -nan, 4294967295, 		1970496882, 0.000000, -nan, -nan, 0.000000, 0, -nan, -nan, 121, 		196613, -nan, -nan, 0.000000, 0.000000, 4294963200, -nan, 0.000000, 231, 		 	13, 14, 0, 0, 		503316580, 131074,, 8388617, 589302312,, 512557664, 131074,, 8396809, 593496616,, 		0.000000, 75634503011564814891309072384.000000, 0.000000, 0.000000, 0.000000, 0.000000, 0.000000, 0.000000, 0.000000, 0.000000, 0.000000, 5.441409, 0.000000, 0.000000, 0.000000, 0.000000, 		48, 532191192, 433082688, 446258128, 433275232, 433316528, 444354064, 445098240, 435805504, 434952840, 433315120, 432769456, 434882288, 434890912, 433089216, 0,  
27,,0.000000,0.000000,0.000000,	-nan,0.000000,0.000000,	 21926, 21926,, 	4294963200, -nan, 0.000000, 0.000000, -nan, 4294967295, 1209009612681038303883533234470912.000000, 0.000000, 4294963200, 		4294967295, 0.000000, 0.000000, -nan, -nan, 262149, 0.000000, -nan, 4294967295, 		0, 0.000000, -nan, -nan, 0.000000, 0, -nan, -nan, 0, 		0, -nan, -nan, 0.000000, 0.000000, 4294963200, -nan, 308541428712026015278372789157888.000000, 29804, 		 	4, 0, 0, 0, 		512557728, 131074,, 167772209, 587203084,, 100664032, 34670593,, 209715249, 597688936,, 		0.000000, 0.000003, 0.000000, 0.000000, 2.000000, 0.000000, 0.000000, 0.000000, 0.000000, 0.000000, 0.000000, nan, 0.000000, 0.000000, 0.000000, 0.000000, 		0, 669022623, 21926, 21926, 21926, 21926, 21926, 21926, 21926, 21926, 21926, 21926, 21926, 21926, 21926, 0,  
28,,0.000000,0.000000,0.000000,	0.000000,0.000000,0.000000,	 128, 446711856,, 	4294963200, -nan, 0.000000, 0.000000, -nan, 4294967295, 0.000000, 0.000000, 4294963200, 		4294967295, 0.000000, 0.000000, -nan, -nan, 248, 0.000000, -nan, 4294967295, 		0, 0.000000, -nan, -nan, 0.000000, 253, -nan, -nan, 0, 		0, -nan, -nan, 0.000000, 0.000000, 4294963200, -nan, 72064619377401789375138817376256.000000, 1144222319, 		 	435591304, 39664, 6629, 0, 		100664096, 69230080,, 209723441, 601883240,, 100664160, 69230080,, 536974912, 404561159,, 		0.000000, 17033580261436030976.000000, 0.000000, 2.209224, 0.000000, 0.000000, 0.000000, 286961290433754103479062145007616.000000, 0.000000, 0.000000, 0.000000, 0.000000, 0.000000, 0.000000, 0.000000, 0.000000, 		1078583504, 3212565569, 433082304, 433085328, 433275392, 433316608, 444354160, 435005280, 435005936, 4294963200, 433932408, 445692840, 4294963200, 442469032, 443382440, 600128,  
29,,0.000000,0.000000,0.000000,	0.000000,0.000000,0.000000,	 0, 21926,, 	4294959104, -nan, 0.000000, 0.000000, -nan, 4294967295, 0.000000, 0.000000, 4294959104, 		4294967295, 0.000000, 0.000000, -nan, -nan, 0, 0.000000, -nan, 4294967295, 		196613, 0.000000, -nan, -nan, 0.000000, 0, -nan, -nan, 264, 		12664, -nan, -nan, 0.000000, 0.000000, 4294959104, -nan, 0.000000, 0, 		 	21926, 21926, 0, 0, 		8396864, 601885224,, 177013728, 768,, 209715251, 118896,, 802, 67264000,, 		0.000000, 72143383107229716578304.000000, 0.000000, 0.000000, 0.000000, 0.000000, 0.000000, 18468115779640448738394112.000000, 0.000000, 0.000000, 1.779507, 0.000000, 0.000000, 0.000000, 0.000000, 0.000000, 		21923, 663013336, 21926, 21926, 21926, 21926, 21926, 21926, 21926, 4294967295, 21926, 21926, 4294967295, 21926, 21926, 0,  
30,,0.000000,0.000000,0.000000,	0.000000,0.000000,0.000000,	 64, 13,, 	4294963200, -nan, 0.000000, 0.000000, -nan, 4294967295, 0.000000, 1209009612681038303883533234470912.000000, 4294963200, 		4294967295, 0.000000, 0.000000, -nan, -nan, 1970435187, 47953725095936.000000, -nan, 4294967295, 		0, 0.000000, -nan, -nan, 717.788025, 1852399433, -nan, -nan, 1952671062, 		1144287855, -nan, -nan, 0.000000, 0.000000, 4294959104, -nan, 0.000000, 0, 		 	435805120, 65535, 65535, 0, 		209723443, 127088,, 866, 67264000,, 10485797, 536870912,, 234881024, 16,, 		0.000000, 308511602094204483147374438383616.000000, 0.000000, 0.000000, 0.000000, 0.000000, 0.000000, 301280899199053428530769559552.000000, -7.334470, 0.000000, -0.000069, 0.000000, 0.000000, 0.000000, 0.000000, 0.000000, 		0, 534453609, 433082384, 446257808, 433275536, 433316688, 444354256, 445098240, 435805504, 438536600, 433281552, 435899696, 2145891320, 435897344, 434462240, 48,  
31,,0.000000,0.000000,0.000000,	0.000000,0.000000,0.000000,	 0, 6,, 	4294959104, -nan, 0.000000, 0.000000, -nan, 4294967295, 0.000000, 0.000000, 4294963200, 		4294967295, 1209009612681038303883533234470912.000000, 0.000000, -nan, -nan, 0, 0.000000, -nan, 4294967295, 		262149, 0.000000, -nan, -nan, 0.000000, 0, -nan, -nan, 0, 		0, -nan, -nan, 0.000000, 0.000000, 4294963200, -nan, 0.000000, 393221, 		 	21926, 65535, 65535, 0, 		536890625, 229127,, 123732017, 536871428,, 100667360, 2181038096,, 0, 0,, 		0.000000, 4582806272864602999824156983296.000000, 0.000000, 0.000000, 0.000000, 0.000000, 2.000000, 17758371729396203520.000000, 0.000000, 0.000000, 0.285591, 0.000000, 0.000000, 0.000000, 0.000000, 0.000000, 		0, 668502514, 21926, 21926, 21926, 21926, 21926, 21926, 21926, 21926, 21926, 21926, 2154558, 21926, 21926, 0,  
32,,0.000000,0.000000,0.000000,	-nan,-nan,0.000000,	 1134366390, 435761528,, 	4294963200, -nan, 717.788025, 62386064298553894764544.000000, -nan, 4294967295, 0.000000, 0.000000, 4294963200, 		4294967295, 0.000000, 0.000000, -nan, -nan, 0, 0.000000, -nan, 4294967295, 		298, 4841459276517156851982773780480.000000, -nan, -nan, 0.000000, 0, -nan, -nan, 0, 		0, -nan, -nan, 0.000000, 0.000000, 4294959104, -nan, 0.000000, 0, 		 	435805216, 0, 0, 0, 		0, 0,, 0, 0,, 0, 0,, 0, 0,, 		0.000000, 17326877187168534528.000000, 0.000000, 0.000000, 0.000000, 0.000000, 0.000000, 14529957199872.000000, 0.000000, 0.000000, 0.000000, 3.932326, 0.000000, 0.000000, 0.000000, 0.000000, 		11, 2348454437, 433082464, 446257888, 433275632, 433316368, 444354352, 435005280, 435005936, 4294963200, 436452424, 436477576, 439203704, 437639624, 441759480, 1074796915,  
33,,0.000000,337.365326,0.000000,	0.000000,0.000000,0.000000,	 21923, 21926,, 	4294959104, -nan, 0.000000, 0.000000, -nan, 4294967295, 0.000000, 0.000000, 4294963200, 		4294967295, 296328440131672442723681435648.000000, 71446959833347561495714636759040.000000, -nan, -nan, 1953392991, 0.000000, -nan, 4294967295, 		118, 0.000000, -nan, -nan, 0.000000, 0, -nan, -nan, 196613, 		310, -nan, -nan, 0.000000, 0.000000, 4294963200, -nan, 0.000000, 655365, 		 	21926, 0, 0, 0, 		0, 0,, 0, 0,, 0, 0,, 0, 0,, 		0.000000, 16390394546489393152.000000, 0.000000, 17611715569948557312.000000, 0.000000, 0.000000, 0.000000, 16019268.000000, -259350512.000000, 0.000000, 0.000000, 0.000000, 0.000000, 0.000000, 0.000000, 0.000000, 		0, 662630251, 21926, 21926, 21926, 21926, 21926, 21926, 21926, 4294967295, 21926, 21926, 21926, 21926, 21926, 21923,  
34,,0.000000,0.000000,286961290433754103479062145007616.000000,	0.000000,0.000000,-nan,	 433221384, 435805120,, 	4294959104, -nan, 0.000000, 0.000000, -nan, 4294967295, 1090251643095470567912898560.000000, 303465507037506793304017269161984.000000, 4294959104, 		4294967295, 0.000000, 0.000000, -nan, -nan, 0, 0.000000, -nan, 4294967295, 		0, 0.000000, -nan, -nan, 0.000000, 0, -nan, -nan, 0, 		0, -nan, -nan, 0.000000, 0.000000, 4294963200, -nan, 0.000000, 1986948963, 		 	435805480, 40760, 6779, 0, 		0, 0,, 0, 0,, 0, 0,, 0, 0,, 		0.000000, 16601800945696768000.000000, 0.000000, 72723343156443606941696.000000, 0.000000, 0.000000, 0.000000, 16873688749451932747169792.000000, 0.000000, 0.000000, 0.000000, 0.000000, 0.000000, 0.000000, 0.000000, 0.000000, 		438037680, 195201593, 433082576, 446257968, 433275728, 433316448, 444354448, 445098240, 435805504, 0, 446257600, 435789088, 435896704, 433311424, 434463200, 438776752,  
35,,18468115779640448738394112.000000,301280899199053428530769559552.000000,17758371729396203520.000000,	-nan,0.000000,0.000000,	 21926, 21926,, 	4294959104, -nan, 0.000000, 0.000000, -nan, 4294967295, 72064619377401789375138817376256.000000, 717.788025, 4294959104, 		4294967295, 0.000000, 0.000000, -nan, -nan, 17220, 0.000000, -nan, 4294967295, 		0, 0.000000, -nan, -nan, 0.000000, 1920233061, -nan, -nan, 329, 		120, -nan, -nan, 0.000000, 0.000000, 4294963200, -nan, 0.000000, 334, 		 	21926, 21926, 0, 0, 		0, 0,, 0, 0,, 0, 0,, 0, 0,, 		0.000000, 308541428712026015278372789157888.000000, 0.000000, 4334206058845382704627712.000000, 0.000000, 2.000000, 0.000000, 16864219805134596712955904.000000, 0.000000, 0.000000, 0.000000, 0.000000, 0.000000, 0.000000, 0.000000, 0.000000, 		21926, 668091842, 21926, 21926, 21926, 21926, 21926, 21926, 21926, 0, 21926, 21926, 21926, 21926, 21926, 21926,  
36,,198.438705,72733705939186186452992.000000,263808940639550378606592.000000,	0.000000,0.000000,0.000000,	 15, 434951568,, 	4294959104, -nan, 0.000000, 0.000000, -nan, 4294967295, 0.000000, 0.000000, 4294963200, 		4294967295, 65949915806079498846208.000000, 1090251643095470567912898560.000000, -nan, -nan, 0, 0.000000, -nan, 4294967295, 		196613, 0.000000, -nan, -nan, 0.000000, 1920233061, -nan, -nan, 0, 		0, -nan, -nan, 0.000000, 0.000000, 4294963200, -nan, 0.000000, 345, 		 	433145760, 65535, 65535, 0, 		6291457, 792723980,, 2097152, 0,, 32774, 805306372,, 369102848, 79692992,, 		0.000000, 70815644263234966765132975177728.000000, 0.000000, 0.000000, 0.000000, 0.000000, 0.000000, 16864219805134596712955904.000000, 0.000000, 0.000000, 0.000000, -0.000000, 0.000000, 0.000000, 0.000000, 0.000000, 		0, 733992225, 433082688, 446258048, 433275824, 433316528, 444354544, 435005280, 435005936, 4294963200, 432377384, 439178296, 444031448, 444498696, 444464312, 2451292160,  
37,,263521845170504764227584.000000,0.000000,0.000000,	0.000000,0.000000,0.000000,	 0, 21926,, 	4294959104, -nan, 0.000000, 0.000000, -nan, 4294967295, 0.000000, 0.000000, 4294959104, 		4294967295, 0.000000, 0.000000, -nan, -nan, 0, 0.000000, -nan, 4294967295, 		196613, 0.000000, -nan, -nan, 0.000000, 1920233061, -nan, -nan, 0, 		0, -nan, -nan, 0.000000, 0.000000, 4294959104, -nan, 0.000000, 0, 		 	21926, 65535, 65535, 0, 		9, 543164972,, 503320388, 655370,, 8388609, 574624296,, 11599904, 0,, 		0.000000, 0.000000, 0.000000, 0.000000, 0.000000, 0.000000, 0.000000, 0.000000, 0.000000, 0.000000, 0.000000, 14.439747, 0.000000, 0.000000, 0.000000, 0.000000, 		0, 662111725, 21926, 21926, 21926, 21926, 21926, 21926, 21926, 4294967295, 21926, 21926, 21926, 21926, 21926, 1070077108,  
